{"train/epoch": 6, "_timestamp": 1713419623.4105039, "_runtime": 67113.15065097809, "_step": 59458, "train/learning_rate": 0.012055258209575969, "train/current_loss": 0.21205306575003485, "train/current_simple_loss": 0.26091005332496864, "train/current_pruned_loss": 0.0815980305785367, "train/tot_loss": 0.27301857561003257, "train/tot_simple_loss": 0.31604200875461574, "train/tot_pruned_loss": 0.11499757117147653, "train/valid_loss": 0.22283603682640674, "train/valid_simple_loss": 0.2931922128786292, "train/valid_pruned_loss": 0.07623993038709215}