{"train/epoch": 1, "_timestamp": 1713231580.5563824, "_runtime": 169.82462239265442, "_step": 101, "train/learning_rate": 0.027043773978759542, "train/current_loss": 0.9200571263001232, "train/current_simple_loss": 0.8025649767560217, "train/current_pruned_loss": 0.9471086559762899, "train/tot_loss": 1.9309711899316455, "train/tot_simple_loss": 1.7541084868034305, "train/tot_pruned_loss": 1.6503055506393063, "train/valid_loss": 9.555650506305161, "train/valid_simple_loss": 8.680309047505835, "train/valid_pruned_loss": 8.735799438139553}