{"train/epoch": 1, "_timestamp": 1713352288.7842948, "_runtime": 8139.119781732559, "_step": 8301, "train/learning_rate": 0.03684509710601688, "train/current_loss": 0.3527784065812721, "train/current_simple_loss": 0.36711493070892226, "train/current_pruned_loss": 0.16922092397305655, "train/tot_loss": 0.4195932032007947, "train/tot_simple_loss": 0.41764750766486836, "train/tot_pruned_loss": 0.21076944868882444, "train/valid_loss": 0.338728912306068, "train/valid_simple_loss": 0.38500078220622125, "train/valid_pruned_loss": 0.14622851043469992}